{
    "rmse": 0.6563074203136268,
    "mae": 0.5137767656107591,
    "r2": 0.2560551302000623
}